<soapenv:Envelope xmlns:soapenv="http://schemas.xmlsoap.org/soap/envelope/">
   <soapenv:Header/>
   <soapenv:Body>
      <GrpREMColTit>
         <GrpBenf>
            <CdClrSys>111</CdClrSys>
            <CdIspb>11111111</CdIspb>
            <CdtrId>11111111111111111111</CdtrId>
            <CdtrNm>XXXX</CdtrNm>
            <CdtrTaxId>11111111111111</CdtrTaxId>
            <CdtrTaxTp>XXXX</CdtrTaxTp>
         </GrpBenf>
         <GrpClPgd>
            <DbtrNm>XXXX</DbtrNm>
            <DbtrTaxId>11111111111111</DbtrTaxId>
            <DbtrTaxTp>XXXX</DbtrTaxTp>
            <GrpClPgdAdr>
               <DbtrAdrTp>XXXX</DbtrAdrTp>
               <DbtrCtrySubDvsn>XXXX</DbtrCtrySubDvsn>
               <DbtrPstCd>11111111</DbtrPstCd>
               <DbtrTwnNm>XXXX</DbtrTwnNm>
            </GrpClPgdAdr>
         </GrpClPgd>
         <CdOccTp>11</CdOccTp>
         <DbtrGrntNm>XXXX</DbtrGrntNm>
         <DbtrMsg>XXXX</DbtrMsg>
         <TitlAmt>11111</TitlAmt>
         <TitlBarCdInd>1</TitlBarCdInd>
         <TitlCcyCd>11</TitlCcyCd>
         <TitlCiaCdId>111111</TitlCiaCdId>
         <TitlDueDt>1111-11-11</TitlDueDt>
         <TitlInstrNmDtExec>1</TitlInstrNmDtExec>
         <TitlInstrProtInd></TitlInstrProtInd>
         <TitlInstrWrtOffInd/>
         <TitlIOFAmt>1</TitlIOFAmt>
         <TitlIssDt>1111-11-11</TitlIssDt>
         <TitlOurNb>1</TitlOurNb>
         <TitlPortCd>1</TitlPortCd>
         <TitlRbtAmt>111</TitlRbtAmt>
         <TitlTpCd>11</TitlTpCd>
         <TitlYourNb>1111111111</TitlYourNb>
         <GrpDscnt>
            <TitlDscntAmtOrPrct>111</TitlDscntAmtOrPrct>
            <TitlDscntEndDt></TitlDscntEndDt>
            <TitlDscntTp></TitlDscntTp>
         </GrpDscnt>
         <GrpItrs>
            <TitlItrsAmtOrPrct>111</TitlItrsAmtOrPrct>
            <TitlItrsStrDt></TitlItrsStrDt>
            <TitlItrsTp></TitlItrsTp>
         </GrpItrs>
         <GrpFn>
            <TitlFnAmtOrPrct>111</TitlFnAmtOrPrct>
            <TitlFnStrDt></TitlFnStrDt>
            <TitlFnTp></TitlFnTp>
         </GrpFn>
      </GrpREMColTit>
   </soapenv:Body>
</soapenv:Envelope>